Code,URL
01J8D1X4K27Y61VN1P1ASTER65,https://zertifikat.austromagnum.at/img/?code=01J8D1X4K27Y61VN1P1ASTER65
01J8D1X4K4K3S8MMBJ39NCN201,https://zertifikat.austromagnum.at/img/?code=01J8D1X4K4K3S8MMBJ39NCN201
01J8D1X4K5RRJ0QJSMTGHX851N,https://zertifikat.austromagnum.at/img/?code=01J8D1X4K5RRJ0QJSMTGHX851N
01J8D1X4K59R87X6055D86JEBB,https://zertifikat.austromagnum.at/img/?code=01J8D1X4K59R87X6055D86JEBB
01J8D1X4K6F56HA3PFH5AGKSBT,https://zertifikat.austromagnum.at/img/?code=01J8D1X4K6F56HA3PFH5AGKSBT
01J8D1X4K6BHK95KQSNHVBKW43,https://zertifikat.austromagnum.at/img/?code=01J8D1X4K6BHK95KQSNHVBKW43
01J8D1X4K7KE8QH5VGA2FE01RC,https://zertifikat.austromagnum.at/img/?code=01J8D1X4K7KE8QH5VGA2FE01RC
01J8D1X4K7PX6A5MPF397HV1C5,https://zertifikat.austromagnum.at/img/?code=01J8D1X4K7PX6A5MPF397HV1C5
01J8D1X4K8VDCVYP9HKWZS70KN,https://zertifikat.austromagnum.at/img/?code=01J8D1X4K8VDCVYP9HKWZS70KN
01J8D1X4K85SG5ATQ39S5Y0K74,https://zertifikat.austromagnum.at/img/?code=01J8D1X4K85SG5ATQ39S5Y0K74
